{"CIF": {"I": {"0": 24493.85185185185, "1": 24781.169312169313, "2": 18770.14021164021, "3": 13363.15873015873, "4": 9179.66402116402, "5": 6090.280423280423, "6": 4023.330687830688, "7": 2762.3941798941796, "8": 1920.8386243386242, "9": 1408.8201058201057, "10": 1084.7539682539682, "11": 944.616402116402}, "P": {"0": 20251.38624338624, "1": 19959.343915343914, "2": 14657.261904761903, "3": 9969.518518518518, "4": 6722.013227513227, "5": 4555.915343915343, "6": 3394.5555555555557, "7": 2946.1296296296296, "8": 2688.3068783068784, "9": 2447.468253968254, "10": 2177.2486772486773, "11": 2061.8756613756614}}, "QCIF": {"I": {"0": 13424.238095238095, "1": 13607.661375661375, "2": 10501.248677248677, "3": 7856.79365079365, "4": 5779.772486772486, "5": 4092.243386243386, "6": 2826.7195767195767, "7": 1881.7460317460318, "8": 1224.772486772487, "9": 828.3227513227513, "10": 615.1640211640212, "11": 568.8677248677249}, "P": {"0": 9865.21164021164, "1": 9672.576719576718, "2": 7026.730158730159, "3": 5027.343915343915, "4": 3600.968253968254, "5": 2590.571428571429, "6": 1917.920634920635, "7": 1557.7037037037037, "8": 1433.3439153439153, "9": 1298.1216931216932, "10": 1203.6137566137565, "11": 1103.2751322751324}}}