{"CIF": {"I": {"0": 24477.116402116404, "1": 24725.44708994709, "2": 18715.137566137568, "3": 13308.338624338625, "4": 9125.677248677248, "5": 6039.489417989418, "6": 3976.4735449735454, "7": 2722.362433862434, "8": 1889.4285714285713, "9": 1386.989417989418, "10": 1083.2433862433863, "11": 951.4523809523811}, "P": {"0": 20227.042328042327, "1": 19963.391534391536, "2": 14572.420634920634, "3": 9993.478835978836, "4": 6721.39417989418, "5": 4579.084656084657, "6": 3397.9074074074074, "7": 2916.846560846561, "8": 2739.2354497354495, "9": 2499.071428571429, "10": 2248.5925925925926, "11": 2163.164021164021}}, "QCIF": {"I": {"0": 13413.227513227514, "1": 13580.597883597882, "2": 10474.89417989418, "3": 7830.777777777777, "4": 5752.608465608466, "5": 4066.5661375661375, "6": 2801.714285714286, "7": 1856.8306878306878, "8": 1203.1746031746034, "9": 812.5026455026455, "10": 605.1481481481482, "11": 562.4126984126983}, "P": {"0": 9850.031746031746, "1": 9683.068783068784, "2": 7053.687830687831, "3": 5045.656084656085, "4": 3598.5873015873017, "5": 2593.5026455026455, "6": 1933.6507936507935, "7": 1541.7777777777778, "8": 1393.7089947089946, "9": 1322.1216931216932, "10": 1213.3386243386242, "11": 1166.6084656084656}}}