{"CIF": {"I": {"0": 24457.21164021164, "1": 18584.185185185182, "2": 13194.30687830688, "3": 9055.743386243386, "4": 5859.68253968254, "5": 3483.6825396825398, "6": 2027.5529100529102, "7": 1105.9021164021165, "8": 638.5555555555555, "9": 477.7169312169312, "10": 506.2962962962963, "11": 509.4682539682539}, "P": {"0": 20078.574074074073, "1": 14445.571428571428, "2": 9748.968253968254, "3": 6252.690476190476, "4": 3698.907407407407, "5": 2047.8756613756616, "6": 1196.9470899470898, "7": 836.8386243386244, "8": 706.4867724867725, "9": 650.5899470899471, "10": 629.7089947089947, "11": 622.4603174603175}}, "QCIF": {"I": {"0": 13526.026455026455, "1": 10507.4126984127, "2": 7853.111111111111, "3": 5746.730158730159, "4": 4028.391534391534, "5": 2640.148148148148, "6": 1542.3015873015875, "7": 793.8359788359788, "8": 369.22751322751327, "9": 235.93650793650795, "10": 243.8095238095238, "11": 247.93650793650795}, "P": {"0": 9832.544973544973, "1": 7034.857142857142, "2": 5003.396825396825, "3": 3466.7301587301586, "4": 2273.2433862433863, "5": 1375.3809523809523, "6": 774.957671957672, "7": 460.037037037037, "8": 358.44444444444446, "9": 337.4232804232804, "10": 321.08465608465605, "11": 322.5238095238095}}}